run,policyAlpha,questionerAlpha,R1Alpha,relevanceBetaR0,relevanceBetaR1,costWeight,failure,questionCost,scenario,support,prob
1,8.536908820191446,5.892578142591768,2.943690869942789,0,0.2907849349998428,2.342183531372472,-5.936552662124935,0,blanket-sleepover,competitor,0.594178667109906
1,8.536908820191446,5.892578142591768,2.943690869942789,0,0.2907849349998428,2.342183531372472,-5.936552662124935,0,blanket-sleepover,mostSimilar,0.20545238131201565
1,8.536908820191446,5.892578142591768,2.943690869942789,0,0.2907849349998428,2.342183531372472,-5.936552662124935,0,blanket-sleepover,taciturn,0.09442417549484049
1,8.536908820191446,5.892578142591768,2.943690869942789,0,0.2907849349998428,2.342183531372472,-5.936552662124935,0,blanket-sleepover,sameCat,0.08306620541671145
1,8.536908820191446,5.892578142591768,2.943690869942789,0,0.2907849349998428,2.342183531372472,-5.936552662124935,0,blanket-sleepover,otherCat,0.022878570666526446
