run,policyAlpha,questionerAlpha,R1Alpha,relevanceBetaR0,relevanceBetaR1,costWeight,failure,questionCost,support,prob
1,4,3.73,8.87,0,0.96,0.96,3.4,0,competitor,0.6259038647947094
1,4,3.73,8.87,0,0.96,0.96,3.4,0,taciturn,0.2211520209119807
1,4,3.73,8.87,0,0.96,0.96,3.4,0,sameCat,0.14077556222457457
1,4,3.73,8.87,0,0.96,0.96,3.4,0,otherCat,0.010099496462464073
1,4,3.73,8.87,0,0.96,0.96,3.4,0,exhaustive,0.0020690556062711177
